{"stats":{"minecraft:mined":{"minecraft:grass":1,"biomesoplenty:bush":8,"minecraft:grass_block":1,"biomesoplenty:high_grass":5,"minecraft:oak_sapling":1,"minecraft:dirt":1,"biomesoplenty:high_grass_plant":1,"biomesoplenty:pink_daffodil":1,"minecraft:oak_leaves":6},"minecraft:custom":{"minecraft:time_since_rest":5816,"minecraft:crouch_one_cm":64,"minecraft:sprint_one_cm":6940,"minecraft:play_time":5816,"minecraft:damage_taken":45,"minecraft:walk_one_cm":9122,"minecraft:sneak_time":52,"minecraft:jump":99,"minecraft:damage_dealt":10,"minecraft:leave_game":3,"minecraft:time_since_death":5816,"minecraft:total_world_time":5816,"minecraft:fall_one_cm":3017,"minecraft:fly_one_cm":12443},"minecraft:picked_up":{"biomesoplenty:pink_daffodil":1,"minecraft:oak_sapling":2,"minecraft:dirt":2},"minecraft:used":{"minecraft:dirt":2,"biomesoplenty:pink_daffodil":1,"minecraft:oak_sapling":2}},"DataVersion":3465}