{"stats":{"minecraft:mined":{"minecraft:dark_oak_planks":14,"framedblocks:framed_horizontal_pane":1,"create:deepslate_zinc_ore":14,"minecraft:spruce_planks":20,"minecraft:stone_pressure_plate":1,"minecraft:cobblestone_stairs":1,"minecraft:red_nether_bricks":4,"minecraft:spruce_trapdoor":1,"minecraft:cave_vines_plant":1,"minecraft:mangrove_door":1,"minecraft:grass_block":86,"minecraft:oxeye_daisy":2,"minecraft:spawner":6,"biomesoplenty:blackstone_bulb":4,"comforts:sleeping_bag_white":2,"framedblocks:framed_fence":4,"minecraft:mossy_cobblestone_stairs":1,"minecraft:iron_ore":40,"minecraft:cobbled_deepslate":1,"minecraft:fire":3,"minecraft:moss_carpet":2,"biomesoplenty:hanging_cobweb":1,"minecraft:cave_vines":1,"biomesoplenty:webbing":1,"minecraft:iron_bars":8,"alexscaves:ambersol":1,"minecraft:azalea":5,"minecraft:spruce_slab":4,"minecraft:waxed_cut_copper_stairs":1,"minecraft:cut_sandstone":1,"framedblocks:framed_ladder":1,"alexscaves:amber":25,"minecraft:red_bed":5,"minecraft:blackstone":1,"minecraft:smoker":1,"minecraft:amethyst_cluster":1,"minecraft:orange_terracotta":1,"minecraft:powder_snow":105,"biomesoplenty:hanging_cobweb_strand":1,"minecraft:clay":4,"minecraft:torch":10,"minecraft:dark_oak_wood":8,"minecraft:blast_furnace":2,"minecraft:calcite":1,"minecraft:melon":10,"minecraft:dead_bush":3,"framedblocks:framed_cube":1,"minecraft:cobblestone":36,"minecraft:oak_planks":16,"minecraft:wall_torch":4,"evilcraft:dark_ore_deepslate":7,"minecraft:wheat":6,"minecraft:tnt":12,"framedblocks:framed_pane":2,"minecraft:grass":53,"minecraft:oak_log":1,"minecraft:sand":63,"minecraft:dirt":61,"minecraft:mangrove_log":57,"minecraft:netherrack":59,"minecraft:oak_leaves":11,"minecraft:deepslate":18,"minecraft:infested_deepslate":1,"minecraft:red_carpet":1,"alexscaves:primal_magma":11,"minecraft:mossy_cobblestone":4,"minecraft:stripped_mangrove_log":6,"minecraft:deepslate_diamond_ore":28,"born_in_chaos_v1:infected_diamond_ore":2,"minecraft:lever":1,"minecraft:spruce_fence":12,"minecraft:jungle_planks":1,"minecraft:spruce_leaves":260,"biomesoplenty:dead_grass":1,"minecraft:moss_block":3,"biomesoplenty:tundra_shrub":2,"minecraft:hay_block":3,"forbidden_arcanus:arcane_crystal_ore":2,"minecraft:spore_blossom":1,"alexscaves:archaic_vine_plant":1,"forbidden_arcanus:deepslate_arcane_crystal_ore":3,"minecraft:furnace":4,"biomesoplenty:toadstool":2,"minecraft:snow":1494,"minecraft:andesite":61,"evilcraft:dark_ore":11,"minecraft:potatoes":110,"minecraft:deepslate_iron_ore":25,"minecraft:stone":133,"forbidden_arcanus:carved_edelwood_log":1,"minecraft:bone_block":10,"minecraft:white_wool":7,"minecraft:smithing_table":2,"minecraft:glass_pane":3,"minecraft:snow_block":83,"minecraft:crafting_table":10,"alexscaves:flytrap":1,"minecraft:rose_bush":4,"minecraft:copper_ore":24,"minecraft:tall_grass":14,"minecraft:lapis_ore":5,"biomesoplenty:huge_clover_petal":8,"minecraft:deepslate_gold_ore":2,"alexscaves:archaic_vine":3,"minecraft:cobblestone_wall":15,"forbidden_arcanus:edelwood_log":1,"forbidden_arcanus:xpetrified_ore":1,"minecraft:ice":3,"minecraft:white_carpet":1,"minecraft:spruce_log":141,"minecraft:mangrove_leaves":1,"minecraft:white_wall_banner":1,"minecraft:black_wool":1,"minecraft:coal_ore":92,"alexscaves:cycad":1,"minecraft:gravel":2,"minecraft:cobweb":4,"minecraft:small_dripleaf":1,"forbidden_arcanus:runic_deepslate":1,"minecraft:fern":5},"minecraft:broken":{"minecraft:stone_pickaxe":1,"minecraft:diamond_shovel":1,"minecraft:iron_sword":1,"minecraft:golden_axe":1,"minecraft:iron_pickaxe":2},"minecraft:used":{"minecraft:moss_block":5,"minecraft:moss_carpet":3,"minecraft:writable_book":2,"minecraft:iron_shovel":175,"minecraft:spruce_slab":72,"minecraft:chest":2,"minecraft:shield":29,"minecraft:iron_sword":264,"minecraft:spruce_leaves":194,"travelersbackpack:hay":6,"minecraft:carrot":1,"minecraft:snowball":6,"minecraft:spruce_boat":4,"minecraft:glass":16,"minecraft:lava_bucket":7,"framedblocks:framed_ladder":7,"born_in_chaos_v1:gnawed_bones":1,"minecraft:stripped_mangrove_log":4,"minecraft:dark_oak_boat":3,"minecraft:furnace":5,"minecraft:egg":1,"minecraft:potato":164,"framedblocks:framed_door":1,"minecraft:oak_planks":5,"minecraft:stone_pickaxe":164,"minecraft:blackstone":3,"minecraft:wooden_pickaxe":10,"minecraft:golden_apple":1,"minecraft:glow_berries":21,"alexscaves:archaic_vine":1,"alexscaves:cave_book":1,"minecraft:blast_furnace":1,"minecraft:shears":223,"framedblocks:framed_fence_gate":2,"framedblocks:framed_horizontal_pane":1,"minecraft:lever":1,"minecraft:mangrove_door":2,"born_in_chaos_v1:monster_flesh":1,"minecraft:melon_slice":59,"minecraft:bread":35,"minecraft:string":4,"minecraft:spore_blossom":1,"minecraft:gravel":2,"minecraft:smithing_table":1,"minecraft:waxed_cut_copper_stairs":1,"minecraft:oak_boat":6,"minecraft:bone_meal":105,"minecraft:azalea":3,"framedblocks:framed_fence":52,"minecraft:iron_bars":8,"minecraft:rose_bush":2,"minecraft:stone_sword":22,"framedblocks:framed_stairs":8,"minecraft:spruce_planks":353,"minecraft:cooked_chicken":2,"minecraft:netherrack":38,"minecraft:torch":63,"minecraft:dirt":42,"minecraft:cobblestone_wall":21,"minecraft:spruce_fence":12,"minecraft:iron_hoe":48,"minecraft:dark_oak_planks":22,"minecraft:wooden_axe":7,"minecraft:iron_axe":243,"minecraft:beef":17,"framedblocks:framed_pane":2,"framedblocks:framed_trapdoor":1,"minecraft:orange_terracotta":1,"comforts:sleeping_bag_white":27,"minecraft:pumpkin":2,"minecraft:powder_snow_bucket":1,"minecraft:cobbled_deepslate":21,"minecraft:golden_axe":52,"minecraft:calcite":2,"minecraft:cooked_mutton":5,"minecraft:water_bucket":218,"minecraft:cobblestone_stairs":1,"minecraft:snow_block":567,"minecraft:red_nether_bricks":4,"minecraft:baked_potato":99,"minecraft:cut_sandstone":1,"framedblocks:framed_cube":1,"biomesoplenty:huge_clover_petal":1,"minecraft:cobblestone_slab":2,"minecraft:salmon":3,"anthropology_items__structures:hunters_machete":225,"minecraft:crafting_table":18,"minecraft:red_bed":6,"minecraft:spruce_log":24,"minecraft:smoker":1,"minecraft:diamond_pickaxe":2,"minecraft:black_wool":1,"minecraft:diamond_shovel":1562,"minecraft:iron_pickaxe":521,"minecraft:spruce_trapdoor":4,"minecraft:spruce_sapling":5,"biomesoplenty:toadstool":1,"minecraft:stone_axe":91,"minecraft:cobblestone":110,"travelersbackpack:standard":6,"minecraft:porkchop":19,"minecraft:cooked_porkchop":7,"minecraft:bucket":231,"born_in_chaos_v1:wood_splitter_axe":74,"minecraft:glass_pane":48,"alexsmobs:animal_dictionary":2},"minecraft:dropped":{"minecraft:moss_block":7,"minecraft:porkchop":3,"minecraft:oak_log":1,"minecraft:baked_potato":58,"minecraft:glow_ink_sac":2,"minecraft:diamond":1,"minecraft:crafting_table":1,"minecraft:glow_berries":1,"minecraft:leather":3,"minecraft:red_wool":1,"minecraft:mangrove_planks":2,"minecraft:leather_helmet":1,"minecraft:flint":1,"minecraft:red_carpet":7,"born_in_chaos_v1:monster_flesh":1,"minecraft:dirt":87,"minecraft:grass":1,"born_in_chaos_v1:monster_skin":2,"minecraft:dark_oak_wood":10,"minecraft:snowball":56,"minecraft:wooden_sword":1,"minecraft:writable_book":3,"minecraft:sand":29,"minecraft:birch_log":1,"minecraft:dark_oak_boat":1,"minecraft:white_wool":2,"minecraft:bone":8,"minecraft:gold_ingot":1,"minecraft:gravel":6,"biomesoplenty:toadstool":1,"minecraft:sugar_cane":2,"alexsmobs:animal_dictionary":1,"minecraft:obsidian":1,"minecraft:rotten_flesh":18,"artifacts:villager_hat":1,"minecraft:glowstone_dust":4,"minecraft:cooked_mutton":1,"minecraft:gunpowder":1,"born_in_chaos_v1:corpse_maggot":2,"minecraft:azalea":5,"forbidden_arcanus:arcane_crystal":4,"comforts:sleeping_bag_white":4,"minecraft:spruce_slab":4,"minecraft:arrow":5,"minecraft:water_bucket":1,"minecraft:iron_ingot":11,"minecraft:wheat_seeds":23,"minecraft:smithing_table":1,"anthropology_items__structures:hunters_machete":1,"minecraft:feather":3,"minecraft:cobblestone":9,"framedblocks:framed_door":2,"minecraft:tropical_fish":1,"minecraft:acacia_log":3,"minecraft:coal":3,"minecraft:stick":10,"minecraft:oxeye_daisy":1,"minecraft:lava_bucket":2,"minecraft:torch":6,"minecraft:wooden_axe":1,"minecraft:flowering_azalea":3,"minecraft:white_banner":1,"minecraft:red_dye":3,"minecraft:polished_basalt":1,"minecraft:bucket":2,"minecraft:string":2,"minecraft:spruce_sapling":1,"minecraft:redstone":64,"minecraft:snow_block":4,"minecraft:furnace":1,"minecraft:moss_carpet":8,"minecraft:stone_sword":1,"minecraft:white_carpet":2,"minecraft:clay_ball":18,"minecraft:name_tag":1,"minecraft:orange_wool":2,"minecraft:pumpkin_seeds":4,"minecraft:blast_furnace":1,"minecraft:filled_map":1,"minecraft:big_dripleaf":2,"minecraft:spruce_planks":9,"artifacts:pickaxe_heater":1,"minecraft:spider_eye":1,"minecraft:stone_pressure_plate":1,"minecraft:light_gray_dye":1,"minecraft:brown_carpet":3,"minecraft:wooden_pickaxe":1},"minecraft:custom":{"minecraft:interact_with_crafting_table":74,"minecraft:open_barrel":65,"minecraft:bell_ring":1,"minecraft:leave_game":4,"minecraft:time_since_death":398334,"minecraft:sprint_one_cm":1283725,"minecraft:damage_blocked_by_shield":2070,"minecraft:drop":209,"minecraft:talked_to_villager":5,"minecraft:play_time":646334,"minecraft:deaths":5,"minecraft:jump":11118,"minecraft:interact_with_brewingstand":1,"minecraft:walk_on_water_one_cm":66882,"minecraft:interact_with_furnace":72,"minecraft:sleep_in_bed":45,"minecraft:damage_dealt":28093,"minecraft:crouch_one_cm":87284,"minecraft:interact_with_smoker":26,"minecraft:horse_one_cm":117841,"minecraft:interact_with_smithing_table":5,"minecraft:mob_kills":154,"minecraft:damage_dealt_resisted":3425,"minecraft:climb_one_cm":6260,"minecraft:walk_one_cm":1792610,"minecraft:sneak_time":24365,"minecraft:walk_under_water_one_cm":62337,"minecraft:boat_one_cm":524154,"minecraft:interact_with_blast_furnace":14,"minecraft:total_world_time":646334,"minecraft:tune_noteblock":1,"minecraft:time_since_rest":6452,"minecraft:damage_taken":7877,"minecraft:damage_absorbed":40,"minecraft:trigger_trapped_chest":7,"minecraft:swim_one_cm":119545,"minecraft:fly_one_cm":2439352,"minecraft:open_chest":139,"minecraft:fall_one_cm":274914},"minecraft:picked_up":{"minecraft:wheat":5,"minecraft:smithing_table":2,"minecraft:lead":3,"forbidden_arcanus:xpetrified_orb":1,"minecraft:string":13,"minecraft:raw_copper":87,"minecraft:red_nether_bricks":4,"minecraft:iron_leggings":1,"forbidden_arcanus:carved_edelwood_log":1,"minecraft:cobbled_deepslate":32,"minecraft:bucket":4,"comforts:sleeping_bag_white":33,"minecraft:spruce_planks":21,"minecraft:red_dye":9,"minecraft:rose_bush":5,"minecraft:cobblestone_slab":2,"minecraft:calcite":2,"minecraft:azalea":9,"minecraft:melon_slice":194,"minecraft:mangrove_log":57,"alexscaves:flytrap":1,"minecraft:furnace":11,"minecraft:stick":15,"born_in_chaos_v1:shattered_skull":1,"minecraft:big_dripleaf":8,"minecraft:torch":41,"minecraft:acacia_log":3,"minecraft:snow_block":2,"minecraft:porkchop":63,"born_in_chaos_v1:nightmare_claw":1,"minecraft:brown_carpet":3,"minecraft:waxed_cut_copper_stairs":1,"minecraft:stone_sword":3,"minecraft:rotten_flesh":22,"artifacts:villager_hat":1,"minecraft:tropical_fish":1,"minecraft:polished_basalt":1,"framedblocks:framed_pane":2,"minecraft:mangrove_door":2,"alexscaves:archaic_vine":5,"minecraft:iron_bars":8,"minecraft:snowball":2570,"minecraft:cobblestone":170,"minecraft:birch_log":1,"minecraft:feather":3,"minecraft:andesite":61,"minecraft:water_bucket":1,"minecraft:dark_oak_boat":4,"create:raw_zinc":14,"minecraft:smoker":1,"minecraft:potato":410,"minecraft:flint":1,"anthropology_items__structures:hunters_machete":4,"minecraft:light_gray_dye":3,"artifacts:pickaxe_heater":1,"minecraft:lapis_lazuli":32,"minecraft:dirt":152,"born_in_chaos_v1:monster_skin":4,"minecraft:bone":19,"minecraft:wheat_seeds":32,"minecraft:raw_gold":1,"framedblocks:framed_ladder":1,"forbidden_arcanus:rune":1,"minecraft:glowstone_dust":4,"minecraft:moss_block":30,"minecraft:oak_planks":15,"biomesoplenty:toadstool":2,"minecraft:poisonous_potato":2,"alexscaves:amber_curiosity":1,"minecraft:sand":63,"minecraft:dead_bush":3,"alexsmobs:animal_dictionary":3,"forbidden_arcanus:edelwood_log":1,"minecraft:diamond":27,"minecraft:spruce_boat":3,"minecraft:lever":1,"minecraft:writable_book":1,"minecraft:grass":1,"forbidden_arcanus:edelwood_stick":2,"minecraft:emerald":1,"minecraft:netherrack":56,"minecraft:spruce_leaves":196,"minecraft:crafting_table":11,"born_in_chaos_v1:diamond_termite_shard":10,"travelersbackpack:hay":1,"minecraft:chicken":2,"minecraft:clay_ball":46,"born_in_chaos_v1:seedof_chaos":2,"minecraft:stripped_mangrove_log":6,"minecraft:moss_carpet":19,"minecraft:red_bed":8,"minecraft:white_carpet":2,"minecraft:blackstone":3,"framedblocks:framed_cube":1,"minecraft:beef":17,"born_in_chaos_v1:gnawed_bones":1,"minecraft:oak_boat":5,"alexsmobs:elastic_tendon":2,"minecraft:light_gray_wool":1,"minecraft:spruce_slab":4,"minecraft:lectern":1,"minecraft:sugar_cane":2,"minecraft:spruce_trapdoor":1,"minecraft:egg":1,"forbidden_arcanus:bat_wing":1,"minecraft:raw_iron":154,"artifacts:charm_of_sinking":1,"alexscaves:cycad":1,"minecraft:spruce_fence":12,"born_in_chaos_v1:pieceofdarkmetal":7,"minecraft:redstone":64,"minecraft:stone_pressure_plate":1,"minecraft:dark_oak_planks":72,"framedblocks:framed_fence":4,"minecraft:tnt":7,"artifacts:snorkel":1,"minecraft:arrow":9,"born_in_chaos_v1:wood_splitter_axe":1,"minecraft:hay_block":3,"minecraft:gold_ingot":1,"born_in_chaos_v1:fused_bone":2,"minecraft:saddle":1,"minecraft:glow_berries":12,"minecraft:mutton":1,"minecraft:bone_block":10,"forbidden_arcanus:spawner_scrap":2,"minecraft:white_wool":14,"minecraft:oxeye_daisy":2,"born_in_chaos_v1:corpse_maggot":7,"born_in_chaos_v1:monster_flesh":2,"minecraft:glow_ink_sac":2,"biomesoplenty:huge_clover_petal":3,"minecraft:salmon":5,"minecraft:cut_sandstone":1,"minecraft:leather":10,"minecraft:oak_log":5,"minecraft:cobblestone_wall":15,"minecraft:gunpowder":1,"minecraft:cobblestone_stairs":1,"alexscaves:ambersol":1,"minecraft:white_banner":1,"alexscaves:amber":23,"minecraft:orange_terracotta":1,"minecraft:cooked_mutton":6,"minecraft:red_carpet":7,"minecraft:spore_blossom":1,"minecraft:iron_ingot":13,"minecraft:stone_pickaxe":6,"minecraft:cooked_chicken":1,"artifacts:kitty_slippers":2,"minecraft:flowering_azalea":7,"minecraft:book":9,"minecraft:pumpkin":2,"framedblocks:framed_horizontal_pane":1,"minecraft:red_wool":1,"born_in_chaos_v1:ethereal_spirit":1,"minecraft:gravel":9,"born_in_chaos_v1:dark_rod":1,"minecraft:amethyst_shard":4,"minecraft:spruce_sapling":7,"minecraft:blast_furnace":3,"minecraft:spruce_log":141,"minecraft:spider_eye":1,"minecraft:leather_helmet":3,"forbidden_arcanus:arcane_crystal":8,"alexsmobs:raw_catfish":3,"minecraft:pumpkin_seeds":9,"minecraft:stone_axe":3,"evilcraft:dark_gem":147,"minecraft:gray_wool":1,"minecraft:black_wool":2,"minecraft:dark_oak_wood":10,"minecraft:coal":165},"minecraft:killed":{"minecraft:cave_spider":6,"minecraft:witch":1,"born_in_chaos_v1:zombie_lumberjack":1,"born_in_chaos_v1:restless_spirit":1,"born_in_chaos_v1:skeleton_demoman":1,"born_in_chaos_v1:door_knight_not_despawn":1,"minecraft:spider":9,"alexsmobs:murmur":1,"born_in_chaos_v1:siamese_skeletonsright":1,"born_in_chaos_v1:baby_skeleton_minion":2,"minecraft:skeleton":13,"minecraft:chicken":3,"born_in_chaos_v1:skeleton_thrasher":1,"artifacts:mimic":4,"born_in_chaos_v1:bonescaller":1,"minecraft:pig":14,"born_in_chaos_v1:diamond_termite":13,"minecraft:salmon":2,"alexsmobs:seal":2,"bwrtherain:spider_skull":4,"born_in_chaos_v1:dread_hound_not_despawn":1,"alexsmobs:mantis_shrimp":1,"minecraft:sheep":1,"minecraft:trader_llama":2,"minecraft:zombie":15,"alexsmobs:flutter":1,"born_in_chaos_v1:dread_hound":2,"born_in_chaos_v1:corpse_fly":4,"alexsmobs:maned_wolf":1,"born_in_chaos_v1:siamese_skeletonsleft":1,"minecraft:cow":8,"alexsmobs:mimic_octopus":1,"minecraft:vindicator":1,"born_in_chaos_v1:zombie_bruiser":3,"born_in_chaos_v1:maggot":5,"minecraft:snow_golem":1,"minecraft:husk":2,"born_in_chaos_v1:bone_imp_minion":1,"born_in_chaos_v1:baby_skeleton":7,"minecraft:wandering_trader":1,"born_in_chaos_v1:decrepit_skeleton":5,"alexsmobs:catfish":1,"alexscaves:subterranodon":1,"born_in_chaos_v1:nightmare_stalker":1,"born_in_chaos_v1:dark_vortex":1,"minecraft:wither_skeleton":2,"minecraft:villager":1},"minecraft:crafted":{"minecraft:oak_planks":16,"travelersbackpack:iron":2,"minecraft:cooked_chicken":2,"minecraft:cooked_mutton":5,"minecraft:glass":34,"minecraft:iron_boots":1,"minecraft:chest":2,"minecraft:golden_boots":1,"framedblocks:framed_stairs":8,"framedblocks:framed_horizontal_pane":4,"minecraft:cooked_porkchop":7,"minecraft:crafting_table":9,"minecraft:spruce_planks":468,"minecraft:iron_helmet":1,"minecraft:wooden_pickaxe":1,"minecraft:baked_potato":269,"minecraft:red_wool":3,"framedblocks:framed_ladder":6,"framedblocks:framed_fence_gate":2,"minecraft:spruce_trapdoor":4,"minecraft:iron_chestplate":2,"minecraft:shield":1,"minecraft:stick":204,"minecraft:iron_ingot":54,"minecraft:iron_pickaxe":3,"minecraft:stone_sword":1,"minecraft:snow_block":639,"minecraft:light_gray_dye":1,"framedblocks:framed_trapdoor":1,"minecraft:shears":1,"minecraft:wooden_sword":1,"comforts:sleeping_bag_white":2,"minecraft:furnace":1,"minecraft:bone_meal":108,"minecraft:spruce_fence":9,"minecraft:glass_pane":48,"minecraft:diamond":1,"minecraft:iron_axe":1,"minecraft:spruce_slab":72,"minecraft:iron_hoe":1,"minecraft:stone_pickaxe":2,"minecraft:cobblestone_wall":18,"minecraft:spruce_boat":1,"framedblocks:framed_fence":48,"minecraft:wheat":27,"minecraft:red_dye":6,"framedblocks:framed_door":3,"minecraft:mangrove_door":3,"minecraft:iron_sword":1,"minecraft:red_bed":1,"minecraft:mangrove_planks":232,"minecraft:bucket":1,"minecraft:stone_axe":1,"minecraft:bread":10,"minecraft:air":0,"framedblocks:framed_pane":12,"minecraft:oak_boat":1,"framedblocks:framed_cube":116,"minecraft:wooden_axe":1,"framedblocks:framed_slab":6,"minecraft:iron_shovel":1,"minecraft:iron_leggings":2,"minecraft:torch":44}},"DataVersion":3465}