{"stats":{"minecraft:crafted":{"minecraft:oak_planks":4,"travelersbackpack:iron":1,"minecraft:cooked_chicken":2,"minecraft:cooked_mutton":5,"minecraft:glass":34,"minecraft:iron_boots":1,"minecraft:chest":2,"framedblocks:framed_stairs":4,"minecraft:cooked_porkchop":7,"minecraft:crafting_table":5,"minecraft:spruce_planks":444,"minecraft:wooden_pickaxe":1,"minecraft:baked_potato":80,"minecraft:iron_helmet":1,"minecraft:red_wool":3,"minecraft:spruce_trapdoor":2,"minecraft:iron_chestplate":2,"minecraft:shield":1,"minecraft:stick":92,"minecraft:iron_ingot":54,"minecraft:iron_pickaxe":1,"minecraft:stone_sword":1,"minecraft:snow_block":587,"minecraft:light_gray_dye":1,"minecraft:shears":1,"minecraft:wooden_sword":1,"comforts:sleeping_bag_white":2,"minecraft:furnace":1,"minecraft:bone_meal":93,"minecraft:spruce_fence":9,"minecraft:glass_pane":48,"minecraft:diamond":1,"minecraft:iron_axe":1,"minecraft:iron_hoe":1,"minecraft:spruce_slab":66,"minecraft:stone_pickaxe":2,"minecraft:cobblestone_wall":18,"minecraft:spruce_boat":1,"framedblocks:framed_fence":24,"minecraft:wheat":27,"minecraft:red_dye":6,"minecraft:mangrove_door":3,"minecraft:iron_sword":1,"minecraft:red_bed":1,"minecraft:mangrove_planks":84,"minecraft:bucket":1,"minecraft:stone_axe":1,"minecraft:bread":10,"minecraft:air":0,"framedblocks:framed_cube":44,"minecraft:wooden_axe":1,"minecraft:iron_leggings":1,"minecraft:torch":20},"minecraft:picked_up":{"minecraft:wheat":5,"minecraft:smithing_table":2,"minecraft:lead":2,"minecraft:string":4,"minecraft:raw_copper":18,"forbidden_arcanus:carved_edelwood_log":1,"minecraft:cobbled_deepslate":26,"comforts:sleeping_bag_white":23,"minecraft:spruce_planks":18,"minecraft:red_dye":9,"minecraft:rose_bush":5,"minecraft:cobblestone_slab":2,"minecraft:calcite":2,"minecraft:azalea":9,"minecraft:melon_slice":194,"minecraft:mangrove_log":21,"minecraft:furnace":11,"minecraft:stick":14,"minecraft:big_dripleaf":8,"minecraft:torch":31,"minecraft:porkchop":63,"minecraft:brown_carpet":3,"minecraft:stone_sword":3,"minecraft:rotten_flesh":9,"minecraft:tropical_fish":1,"minecraft:polished_basalt":1,"minecraft:mangrove_door":1,"minecraft:snowball":2363,"minecraft:iron_bars":8,"minecraft:cobblestone":111,"minecraft:feather":3,"minecraft:water_bucket":1,"minecraft:dark_oak_boat":4,"minecraft:smoker":1,"minecraft:potato":232,"anthropology_items__structures:hunters_machete":4,"minecraft:light_gray_dye":3,"minecraft:dirt":135,"born_in_chaos_v1:monster_skin":2,"minecraft:bone":5,"minecraft:wheat_seeds":31,"minecraft:raw_gold":1,"minecraft:glowstone_dust":4,"minecraft:moss_block":30,"minecraft:oak_planks":9,"biomesoplenty:toadstool":1,"minecraft:poisonous_potato":1,"minecraft:sand":63,"minecraft:dead_bush":3,"alexsmobs:animal_dictionary":3,"forbidden_arcanus:edelwood_log":1,"minecraft:diamond":23,"minecraft:spruce_boat":3,"minecraft:lever":1,"minecraft:writable_book":1,"minecraft:grass":1,"forbidden_arcanus:edelwood_stick":2,"minecraft:emerald":1,"minecraft:spruce_leaves":194,"minecraft:crafting_table":10,"born_in_chaos_v1:diamond_termite_shard":9,"minecraft:chicken":2,"minecraft:clay_ball":46,"minecraft:moss_carpet":19,"minecraft:red_bed":8,"minecraft:white_carpet":2,"framedblocks:framed_cube":1,"minecraft:beef":17,"minecraft:oak_boat":5,"alexsmobs:elastic_tendon":2,"minecraft:spruce_slab":4,"minecraft:light_gray_wool":1,"minecraft:lectern":1,"minecraft:sugar_cane":2,"minecraft:spruce_trapdoor":1,"minecraft:egg":1,"minecraft:raw_iron":145,"artifacts:charm_of_sinking":1,"minecraft:spruce_fence":9,"born_in_chaos_v1:pieceofdarkmetal":1,"minecraft:redstone":64,"minecraft:stone_pressure_plate":1,"minecraft:dark_oak_planks":72,"framedblocks:framed_fence":1,"minecraft:tnt":7,"minecraft:arrow":6,"minecraft:hay_block":3,"minecraft:saddle":1,"minecraft:glow_berries":12,"minecraft:mutton":1,"forbidden_arcanus:spawner_scrap":2,"minecraft:white_wool":14,"minecraft:bone_block":10,"minecraft:oxeye_daisy":2,"born_in_chaos_v1:corpse_maggot":1,"born_in_chaos_v1:monster_flesh":2,"minecraft:glow_ink_sac":2,"biomesoplenty:huge_clover_petal":3,"minecraft:salmon":5,"minecraft:cut_sandstone":1,"minecraft:leather":10,"minecraft:oak_log":2,"minecraft:cobblestone_wall":15,"minecraft:gunpowder":1,"minecraft:cobblestone_stairs":1,"minecraft:white_banner":1,"minecraft:orange_terracotta":1,"minecraft:cooked_mutton":6,"minecraft:red_carpet":7,"minecraft:spore_blossom":1,"minecraft:iron_ingot":12,"minecraft:stone_pickaxe":6,"minecraft:cooked_chicken":1,"artifacts:kitty_slippers":2,"minecraft:flowering_azalea":7,"minecraft:book":9,"minecraft:pumpkin":2,"minecraft:red_wool":1,"minecraft:gravel":1,"minecraft:amethyst_shard":4,"minecraft:spruce_sapling":7,"minecraft:blast_furnace":2,"minecraft:spruce_log":135,"minecraft:leather_helmet":3,"forbidden_arcanus:arcane_crystal":8,"alexsmobs:raw_catfish":3,"minecraft:pumpkin_seeds":9,"minecraft:stone_axe":3,"evilcraft:dark_gem":110,"minecraft:gray_wool":1,"minecraft:black_wool":2,"minecraft:dark_oak_wood":10,"minecraft:coal":124},"minecraft:broken":{"minecraft:stone_pickaxe":1,"minecraft:golden_axe":1},"minecraft:killed":{"minecraft:witch":1,"born_in_chaos_v1:skeleton_demoman":1,"born_in_chaos_v1:door_knight_not_despawn":1,"minecraft:spider":1,"alexsmobs:murmur":1,"born_in_chaos_v1:baby_skeleton_minion":2,"minecraft:skeleton":3,"minecraft:chicken":3,"artifacts:mimic":2,"born_in_chaos_v1:bonescaller":1,"minecraft:pig":14,"born_in_chaos_v1:diamond_termite":12,"minecraft:salmon":2,"alexsmobs:seal":2,"bwrtherain:spider_skull":2,"born_in_chaos_v1:dread_hound_not_despawn":1,"alexsmobs:mantis_shrimp":1,"minecraft:sheep":1,"minecraft:trader_llama":2,"alexsmobs:flutter":1,"minecraft:zombie":6,"born_in_chaos_v1:dread_hound":1,"born_in_chaos_v1:corpse_fly":2,"alexsmobs:maned_wolf":1,"minecraft:cow":8,"alexsmobs:mimic_octopus":1,"minecraft:vindicator":1,"born_in_chaos_v1:zombie_bruiser":1,"minecraft:snow_golem":1,"born_in_chaos_v1:baby_skeleton":3,"minecraft:wandering_trader":1,"born_in_chaos_v1:decrepit_skeleton":4,"alexsmobs:catfish":1,"minecraft:villager":1},"minecraft:dropped":{"minecraft:moss_block":7,"minecraft:porkchop":3,"minecraft:baked_potato":20,"minecraft:oak_log":1,"minecraft:glow_ink_sac":2,"minecraft:diamond":1,"minecraft:glow_berries":1,"minecraft:leather":3,"minecraft:red_wool":1,"minecraft:mangrove_planks":2,"minecraft:leather_helmet":1,"minecraft:red_carpet":7,"born_in_chaos_v1:monster_flesh":1,"minecraft:dirt":87,"minecraft:grass":1,"born_in_chaos_v1:monster_skin":2,"minecraft:dark_oak_wood":10,"minecraft:snowball":55,"minecraft:writable_book":3,"minecraft:wooden_sword":1,"minecraft:sand":29,"minecraft:dark_oak_boat":1,"minecraft:white_wool":2,"minecraft:gold_ingot":1,"minecraft:bone":5,"minecraft:gravel":1,"biomesoplenty:toadstool":1,"minecraft:sugar_cane":2,"alexsmobs:animal_dictionary":1,"minecraft:obsidian":1,"minecraft:rotten_flesh":9,"minecraft:glowstone_dust":4,"minecraft:gunpowder":1,"born_in_chaos_v1:corpse_maggot":1,"minecraft:azalea":5,"forbidden_arcanus:arcane_crystal":4,"comforts:sleeping_bag_white":3,"minecraft:arrow":4,"minecraft:water_bucket":1,"minecraft:iron_ingot":10,"minecraft:wheat_seeds":22,"minecraft:smithing_table":1,"anthropology_items__structures:hunters_machete":1,"minecraft:feather":3,"minecraft:cobblestone":1,"minecraft:tropical_fish":1,"minecraft:coal":3,"minecraft:stick":8,"minecraft:oxeye_daisy":1,"minecraft:torch":3,"minecraft:wooden_axe":1,"minecraft:flowering_azalea":3,"minecraft:white_banner":1,"minecraft:red_dye":3,"minecraft:polished_basalt":1,"minecraft:string":2,"minecraft:spruce_sapling":1,"minecraft:redstone":64,"minecraft:snow_block":4,"minecraft:furnace":1,"minecraft:moss_carpet":8,"minecraft:stone_sword":1,"minecraft:white_carpet":2,"minecraft:clay_ball":18,"minecraft:orange_wool":2,"minecraft:pumpkin_seeds":4,"minecraft:blast_furnace":1,"minecraft:big_dripleaf":2,"minecraft:spruce_planks":7,"minecraft:stone_pressure_plate":1,"minecraft:brown_carpet":3,"minecraft:light_gray_dye":1,"minecraft:wooden_pickaxe":1},"minecraft:custom":{"minecraft:interact_with_crafting_table":54,"minecraft:open_barrel":54,"minecraft:leave_game":2,"minecraft:time_since_death":156028,"minecraft:sprint_one_cm":732429,"minecraft:damage_blocked_by_shield":600,"minecraft:drop":167,"minecraft:talked_to_villager":3,"minecraft:play_time":404028,"minecraft:deaths":5,"minecraft:jump":6846,"minecraft:interact_with_brewingstand":1,"minecraft:walk_on_water_one_cm":40461,"minecraft:interact_with_furnace":60,"minecraft:sleep_in_bed":29,"minecraft:damage_dealt":14352,"minecraft:crouch_one_cm":66990,"minecraft:interact_with_smoker":13,"minecraft:horse_one_cm":117841,"minecraft:interact_with_smithing_table":4,"minecraft:mob_kills":86,"minecraft:damage_dealt_resisted":1542,"minecraft:climb_one_cm":1421,"minecraft:walk_one_cm":1213826,"minecraft:sneak_time":18152,"minecraft:walk_under_water_one_cm":46076,"minecraft:boat_one_cm":514118,"minecraft:interact_with_blast_furnace":13,"minecraft:total_world_time":404028,"minecraft:tune_noteblock":1,"minecraft:time_since_rest":7051,"minecraft:damage_taken":5369,"minecraft:trigger_trapped_chest":1,"minecraft:swim_one_cm":85644,"minecraft:fly_one_cm":1338076,"minecraft:open_chest":96,"minecraft:fall_one_cm":147968},"minecraft:mined":{"minecraft:dark_oak_planks":14,"minecraft:spruce_planks":18,"minecraft:stone_pressure_plate":1,"minecraft:cobblestone_stairs":1,"minecraft:spruce_trapdoor":1,"minecraft:cave_vines_plant":1,"minecraft:grass_block":77,"minecraft:oxeye_daisy":2,"minecraft:spawner":5,"framedblocks:framed_fence":1,"comforts:sleeping_bag_white":2,"minecraft:mossy_cobblestone_stairs":1,"minecraft:iron_ore":31,"minecraft:cobbled_deepslate":1,"minecraft:fire":3,"minecraft:moss_carpet":2,"minecraft:cave_vines":1,"minecraft:iron_bars":8,"minecraft:azalea":5,"minecraft:spruce_slab":4,"minecraft:cut_sandstone":1,"minecraft:red_bed":5,"minecraft:smoker":1,"minecraft:amethyst_cluster":1,"minecraft:orange_terracotta":1,"minecraft:powder_snow":40,"minecraft:clay":4,"minecraft:torch":4,"minecraft:dark_oak_wood":8,"minecraft:blast_furnace":1,"minecraft:calcite":1,"minecraft:melon":10,"minecraft:dead_bush":3,"framedblocks:framed_cube":1,"minecraft:cobblestone":14,"minecraft:oak_planks":10,"minecraft:wall_torch":3,"evilcraft:dark_ore_deepslate":5,"minecraft:wheat":6,"minecraft:tnt":9,"minecraft:grass":52,"minecraft:oak_log":1,"minecraft:sand":63,"minecraft:dirt":53,"minecraft:mangrove_log":21,"minecraft:oak_leaves":11,"minecraft:deepslate":11,"minecraft:infested_deepslate":1,"minecraft:red_carpet":1,"minecraft:mossy_cobblestone":4,"minecraft:deepslate_diamond_ore":24,"born_in_chaos_v1:infected_diamond_ore":1,"minecraft:lever":1,"minecraft:spruce_fence":9,"minecraft:jungle_planks":1,"minecraft:spruce_leaves":252,"biomesoplenty:dead_grass":1,"minecraft:moss_block":3,"biomesoplenty:tundra_shrub":1,"minecraft:hay_block":3,"forbidden_arcanus:arcane_crystal_ore":2,"minecraft:spore_blossom":1,"forbidden_arcanus:deepslate_arcane_crystal_ore":2,"minecraft:furnace":4,"biomesoplenty:toadstool":1,"minecraft:snow":1287,"evilcraft:dark_ore":4,"minecraft:potatoes":62,"minecraft:deepslate_iron_ore":25,"minecraft:stone":99,"forbidden_arcanus:carved_edelwood_log":1,"minecraft:bone_block":10,"minecraft:white_wool":7,"minecraft:smithing_table":1,"minecraft:glass_pane":2,"minecraft:snow_block":83,"minecraft:crafting_table":9,"minecraft:rose_bush":4,"minecraft:copper_ore":6,"minecraft:tall_grass":14,"biomesoplenty:huge_clover_petal":8,"minecraft:deepslate_gold_ore":1,"minecraft:cobblestone_wall":15,"forbidden_arcanus:edelwood_log":1,"minecraft:ice":3,"minecraft:white_carpet":1,"minecraft:spruce_log":135,"minecraft:mangrove_leaves":1,"minecraft:white_wall_banner":1,"minecraft:black_wool":1,"minecraft:coal_ore":49,"minecraft:gravel":1,"minecraft:small_dripleaf":1,"minecraft:fern":3},"minecraft:used":{"minecraft:moss_block":5,"minecraft:moss_carpet":3,"minecraft:writable_book":2,"minecraft:spruce_slab":70,"minecraft:chest":2,"minecraft:shield":11,"minecraft:iron_sword":153,"minecraft:spruce_leaves":194,"minecraft:carrot":1,"minecraft:spruce_boat":4,"minecraft:glass":16,"minecraft:lava_bucket":5,"minecraft:dark_oak_boat":3,"minecraft:furnace":5,"minecraft:egg":1,"minecraft:potato":116,"minecraft:stone_pickaxe":164,"minecraft:oak_planks":5,"minecraft:wooden_pickaxe":10,"minecraft:glow_berries":21,"minecraft:blast_furnace":1,"minecraft:shears":221,"minecraft:lever":1,"minecraft:mangrove_door":2,"born_in_chaos_v1:monster_flesh":1,"minecraft:bread":31,"minecraft:melon_slice":59,"minecraft:string":2,"minecraft:spore_blossom":1,"minecraft:smithing_table":1,"minecraft:oak_boat":5,"minecraft:bone_meal":93,"minecraft:azalea":3,"framedblocks:framed_fence":25,"minecraft:rose_bush":2,"minecraft:iron_bars":8,"minecraft:stone_sword":22,"framedblocks:framed_stairs":4,"minecraft:spruce_planks":351,"minecraft:cooked_chicken":2,"minecraft:torch":27,"minecraft:dirt":39,"minecraft:cobblestone_wall":21,"minecraft:spruce_fence":12,"minecraft:iron_hoe":48,"minecraft:dark_oak_planks":22,"minecraft:wooden_axe":7,"minecraft:iron_axe":179,"minecraft:beef":17,"comforts:sleeping_bag_white":18,"minecraft:pumpkin":2,"minecraft:cobbled_deepslate":20,"minecraft:orange_terracotta":1,"minecraft:golden_axe":32,"minecraft:calcite":2,"minecraft:cooked_mutton":5,"minecraft:water_bucket":151,"minecraft:cobblestone_stairs":1,"minecraft:snow_block":566,"minecraft:baked_potato":18,"framedblocks:framed_cube":1,"minecraft:cut_sandstone":1,"biomesoplenty:huge_clover_petal":1,"minecraft:cobblestone_slab":2,"minecraft:salmon":3,"anthropology_items__structures:hunters_machete":147,"minecraft:crafting_table":14,"minecraft:red_bed":6,"minecraft:smoker":1,"minecraft:spruce_log":24,"minecraft:black_wool":1,"minecraft:diamond_shovel":1530,"minecraft:iron_pickaxe":178,"minecraft:spruce_trapdoor":3,"minecraft:spruce_sapling":5,"minecraft:stone_axe":91,"minecraft:cobblestone":59,"travelersbackpack:standard":6,"minecraft:porkchop":19,"minecraft:cooked_porkchop":7,"minecraft:bucket":163,"minecraft:glass_pane":48,"alexsmobs:animal_dictionary":2}},"DataVersion":3465}