{"stats":{"minecraft:mined":{"create:deepslate_zinc_ore":2,"minecraft:spruce_planks":1,"minecraft:white_bed":6,"minecraft:cave_vines_plant":3,"minecraft:grass_block":57,"minecraft:composter":20,"minecraft:chiseled_stone_bricks":2,"minecraft:spawner":2,"biomesoplenty:blackstone_bulb":6,"minecraft:tall_seagrass":1,"minecraft:magma_block":2,"minecraft:iron_ore":68,"minecraft:fire":3,"minecraft:barrel":1,"minecraft:pumpkin":12,"minecraft:fletching_table":1,"biomesoplenty:hanging_cobweb":1,"create:asurine":1,"minecraft:cave_vines":4,"minecraft:dirt_path":2,"biomesoplenty:webbing":61,"minecraft:azalea":3,"create:veridium":4,"minecraft:deepslate_redstone_ore":10,"minecraft:blackstone":4,"minecraft:powder_snow":54,"biomesoplenty:hanging_cobweb_strand":2,"minecraft:clay":15,"minecraft:torch":51,"minecraft:dark_oak_wood":16,"minecraft:blast_furnace":4,"minecraft:calcite":3,"minecraft:melon":34,"minecraft:chest":1,"minecraft:nether_quartz_ore":1,"minecraft:cobblestone":570,"minecraft:sugar_cane":2,"minecraft:grindstone":4,"minecraft:oak_planks":4,"minecraft:wall_torch":26,"evilcraft:dark_ore_deepslate":6,"minecraft:wheat":11,"minecraft:pumpkin_stem":1,"minecraft:stone_brick_stairs":1,"minecraft:grass":67,"biomesoplenty:clover":2,"minecraft:oak_log":11,"minecraft:dirt":27,"minecraft:smooth_basalt":1,"minecraft:stonecutter":1,"minecraft:netherrack":122,"minecraft:oak_leaves":3,"minecraft:deepslate":39,"create:zinc_ore":5,"minecraft:nether_gold_ore":1,"minecraft:tuff":1,"minecraft:quartz_stairs":8,"minecraft:deepslate_diamond_ore":19,"biomesoplenty:desert_grass":13,"born_in_chaos_v1:infected_diamond_ore":2,"travelersbackpack:bookshelf":1,"minecraft:spruce_leaves":43,"biomesoplenty:dead_grass":21,"minecraft:moss_block":6,"biomesoplenty:tundra_shrub":1,"minecraft:large_fern":1,"minecraft:redstone_ore":5,"forbidden_arcanus:deepslate_arcane_crystal_ore":11,"minecraft:furnace":6,"minecraft:carrots":23,"minecraft:snow":4653,"minecraft:stripped_spruce_log":3,"evilcraft:dark_ore":5,"minecraft:big_dripleaf_stem":1,"minecraft:bell":1,"minecraft:bookshelf":2,"minecraft:potatoes":163,"biomesoplenty:high_grass":25,"minecraft:deepslate_iron_ore":31,"minecraft:cobblestone_slab":7,"minecraft:vine":1,"biomesoplenty:spider_egg":1,"minecraft:stone":2000,"minecraft:bone_block":10,"minecraft:smithing_table":2,"minecraft:flowering_azalea":1,"minecraft:snow_block":16,"travelersbackpack:standard":1,"minecraft:crafting_table":10,"minecraft:rose_bush":10,"minecraft:lectern":1,"minecraft:stone_slab":1,"biomesoplenty:high_grass_plant":43,"minecraft:tall_grass":11,"minecraft:deepslate_gold_ore":1,"biomesoplenty:huge_clover_petal":4,"minecraft:lapis_ore":1,"minecraft:blue_bed":2,"minecraft:big_dripleaf":1,"minecraft:purple_bed":3,"minecraft:cobblestone_wall":1,"minecraft:ice":1,"biomesoplenty:pink_daffodil":5,"minecraft:spruce_log":140,"minecraft:white_wall_banner":1,"minecraft:coal_ore":101,"evilcraft:blood_stain":2,"minecraft:gravel":640,"biomesoplenty:stringy_cobweb":10,"minecraft:cobweb":18,"minecraft:cracked_stone_bricks":1,"minecraft:stone_bricks":4,"minecraft:small_dripleaf":1,"minecraft:mossy_stone_bricks":1,"minecraft:fern":8},"minecraft:broken":{"minecraft:stone_pickaxe":15,"minecraft:stone_shovel":40,"minecraft:iron_axe":1,"minecraft:iron_pickaxe":1,"minecraft:iron_helmet":1},"minecraft:used":{"minecraft:writable_book":2,"minecraft:spruce_slab":1,"minecraft:chest":8,"minecraft:shield":68,"minecraft:iron_sword":228,"minecraft:rotten_flesh":2,"minecraft:iron_chestplate":1,"minecraft:carrot":50,"minecraft:snowball":6,"born_in_chaos_v1:corpse_maggot":7,"minecraft:lava_bucket":13,"minecraft:stone_bricks":1,"minecraft:dark_oak_boat":1,"minecraft:furnace":7,"minecraft:egg":2,"minecraft:potato":164,"minecraft:stone_pickaxe":2590,"minecraft:wooden_pickaxe":19,"minecraft:composter":19,"minecraft:blue_bed":1,"minecraft:glow_berries":9,"minecraft:blast_furnace":4,"born_in_chaos_v1:monster_flesh":1,"minecraft:melon_slice":160,"minecraft:gravel":446,"minecraft:smithing_table":1,"minecraft:oak_boat":4,"minecraft:bone_meal":123,"minecraft:stone_sword":362,"minecraft:flint_and_steel":1,"minecraft:stone_shovel":5245,"framedblocks:framed_stairs":48,"minecraft:spruce_planks":23,"minecraft:cooked_salmon":7,"minecraft:stone_hoe":35,"minecraft:cooked_chicken":1,"minecraft:netherrack":5,"minecraft:torch":421,"minecraft:dirt":85,"minecraft:hopper":2,"minecraft:cobblestone_wall":9,"minecraft:wooden_axe":13,"minecraft:iron_axe":294,"comforts:sleeping_bag_white":41,"minecraft:pumpkin":2,"minecraft:powder_snow_bucket":8,"minecraft:calcite":1,"minecraft:cooked_mutton":14,"minecraft:water_bucket":98,"minecraft:snow_block":1169,"minecraft:baked_potato":115,"minecraft:stonecutter":1,"minecraft:cobblestone_slab":12,"minecraft:salmon":2,"minecraft:crafting_table":14,"minecraft:white_bed":6,"minecraft:cod":10,"minecraft:diamond_shovel":28,"travelersbackpack:bookshelf":2,"minecraft:iron_pickaxe":542,"minecraft:spruce_trapdoor":62,"minecraft:spruce_sapling":27,"minecraft:stone_axe":55,"minecraft:cobblestone":2317,"travelersbackpack:standard":14,"minecraft:bucket":117},"minecraft:dropped":{"forbidden_arcanus:artisan_relic":2,"minecraft:moss_block":3,"minecraft:porkchop":3,"minecraft:baked_potato":1,"minecraft:glow_ink_sac":3,"minecraft:crafting_table":3,"minecraft:leather":3,"minecraft:chest_minecart":1,"minecraft:jungle_planks":1,"minecraft:rail":10,"minecraft:red_carpet":9,"born_in_chaos_v1:monster_flesh":3,"minecraft:dirt":36,"born_in_chaos_v1:monster_skin":2,"minecraft:writable_book":1,"minecraft:amethyst_shard":2,"minecraft:sand":15,"minecraft:dark_oak_planks":30,"minecraft:dark_oak_boat":1,"minecraft:white_wool":4,"minecraft:bone":2,"minecraft:gravel":2,"minecraft:blackstone":8,"minecraft:cooked_chicken":1,"minecraft:detector_rail":10,"minecraft:cobbled_deepslate":49,"minecraft:rotten_flesh":17,"minecraft:oak_planks":4,"create:asurine":1,"minecraft:gunpowder":2,"born_in_chaos_v1:corpse_maggot":2,"minecraft:azalea":3,"born_in_chaos_v1:diamond_termite_shard":3,"forbidden_arcanus:arcane_crystal":4,"comforts:sleeping_bag_white":1,"minecraft:arrow":5,"minecraft:netherrack":10,"minecraft:water_bucket":1,"minecraft:iron_ingot":11,"minecraft:stripped_spruce_log":2,"minecraft:wheat_seeds":12,"minecraft:cherry_log":2,"minecraft:tnt":1,"minecraft:smithing_table":1,"minecraft:feather":8,"minecraft:cobblestone":11,"minecraft:acacia_log":2,"minecraft:coal":3,"minecraft:stick":3,"minecraft:gray_wool":1,"minecraft:wooden_axe":1,"minecraft:melon_slice":14,"minecraft:rose_bush":8,"minecraft:dead_bush":1,"minecraft:iron_leggings":1,"minecraft:pumpkin":3,"minecraft:flowering_azalea":2,"minecraft:white_banner":2,"minecraft:polished_basalt":1,"minecraft:string":4,"minecraft:bucket":3,"minecraft:smooth_basalt":1,"minecraft:redstone":68,"minecraft:moss_carpet":2,"minecraft:stone_sword":1,"minecraft:raw_copper":3,"minecraft:tuff":1,"minecraft:composter":1,"minecraft:white_carpet":2,"minecraft:light_gray_wool":1,"minecraft:clay_ball":61,"minecraft:pumpkin_seeds":4,"minecraft:flint_and_steel":2,"minecraft:blast_furnace":1,"minecraft:filled_map":1,"minecraft:big_dripleaf":7,"minecraft:potato":12,"create:veridium":4,"minecraft:spruce_planks":18,"minecraft:quartz_stairs":7,"minecraft:spider_eye":1,"artifacts:pickaxe_heater":1,"minecraft:barrel":1,"minecraft:stone_pickaxe":2,"minecraft:wooden_pickaxe":1,"minecraft:calcite":2,"minecraft:magma_block":2},"minecraft:custom":{"minecraft:interact_with_crafting_table":88,"minecraft:open_barrel":35,"minecraft:eat_cake_slice":2,"minecraft:leave_game":5,"minecraft:time_since_death":3137,"minecraft:sprint_one_cm":1513647,"minecraft:damage_blocked_by_shield":4725,"minecraft:drop":178,"minecraft:talked_to_villager":24,"minecraft:play_time":717111,"minecraft:deaths":1,"minecraft:jump":9978,"minecraft:walk_on_water_one_cm":98595,"minecraft:interact_with_furnace":53,"minecraft:interact_with_cartography_table":1,"minecraft:sleep_in_bed":64,"minecraft:damage_dealt":28120,"minecraft:crouch_one_cm":96387,"minecraft:horse_one_cm":49022,"minecraft:interact_with_smithing_table":6,"minecraft:mob_kills":238,"minecraft:damage_dealt_resisted":894,"minecraft:climb_one_cm":2618,"minecraft:walk_one_cm":2335077,"minecraft:sneak_time":28908,"minecraft:walk_under_water_one_cm":100875,"minecraft:boat_one_cm":479374,"minecraft:interact_with_blast_furnace":19,"minecraft:total_world_time":717111,"minecraft:raid_trigger":1,"minecraft:interact_with_stonecutter":2,"minecraft:time_since_rest":3215,"minecraft:damage_taken":108367,"minecraft:trigger_trapped_chest":4,"minecraft:swim_one_cm":111214,"minecraft:fly_one_cm":1638127,"minecraft:open_chest":179,"minecraft:fall_one_cm":243015},"minecraft:picked_up":{"minecraft:iron_chestplate":1,"minecraft:flower_pot":1,"minecraft:smithing_table":4,"forbidden_arcanus:artisan_relic":2,"minecraft:string":36,"minecraft:raw_copper":3,"minecraft:iron_leggings":1,"minecraft:gold_nugget":3,"minecraft:cobbled_deepslate":49,"minecraft:bucket":2,"comforts:sleeping_bag_white":44,"minecraft:spruce_planks":10,"minecraft:rose_bush":8,"minecraft:cobblestone_slab":4,"minecraft:calcite":3,"minecraft:azalea":3,"minecraft:iron_pickaxe":3,"minecraft:melon_slice":171,"minecraft:iron_boots":1,"minecraft:furnace":6,"minecraft:stick":30,"born_in_chaos_v1:shattered_skull":2,"minecraft:composter":21,"minecraft:big_dripleaf":7,"minecraft:torch":99,"minecraft:acacia_log":2,"minecraft:porkchop":6,"minecraft:golden_axe":1,"minecraft:cherry_log":2,"minecraft:stone_sword":1,"minecraft:rotten_flesh":41,"artifacts:villager_hat":2,"minecraft:tropical_fish":8,"minecraft:polished_basalt":1,"create:asurine":1,"create:veridium":4,"minecraft:cod":13,"minecraft:snowball":4725,"minecraft:cobblestone":2520,"minecraft:magma_block":2,"minecraft:feather":8,"minecraft:water_bucket":1,"minecraft:potato":470,"minecraft:flint":65,"minecraft:tuff":1,"create:raw_zinc":7,"artifacts:pickaxe_heater":1,"minecraft:lapis_lazuli":9,"minecraft:dirt":180,"minecraft:name_tag":1,"born_in_chaos_v1:monster_skin":2,"travelersbackpack:bookshelf":2,"minecraft:bone":30,"minecraft:bow":1,"minecraft:stonecutter":1,"minecraft:wheat_seeds":23,"minecraft:raw_gold":9,"minecraft:bell":1,"minecraft:grindstone":4,"minecraft:fletching_table":1,"minecraft:moss_block":3,"minecraft:oak_planks":4,"minecraft:jungle_planks":1,"minecraft:sand":29,"minecraft:stripped_spruce_log":2,"minecraft:dead_bush":1,"minecraft:trapped_chest":1,"minecraft:barrel":2,"minecraft:orange_wool":2,"minecraft:diamond":20,"minecraft:writable_book":1,"alexsmobs:maggot":8,"minecraft:netherrack":118,"minecraft:crafting_table":12,"born_in_chaos_v1:diamond_termite_shard":3,"minecraft:chicken":5,"minecraft:clay_ball":61,"minecraft:chest_minecart":2,"minecraft:chain":1,"minecraft:shield":2,"minecraft:iron_axe":2,"minecraft:moss_carpet":2,"minecraft:flint_and_steel":2,"minecraft:white_carpet":2,"artifacts:fire_gauntlet":2,"minecraft:blackstone":8,"minecraft:detector_rail":10,"minecraft:beef":11,"minecraft:oak_boat":2,"born_in_chaos_v1:gnawed_bones":1,"minecraft:light_gray_wool":1,"minecraft:quartz_stairs":7,"minecraft:chest":1,"minecraft:egg":2,"minecraft:raw_iron":100,"born_in_chaos_v1:pieceofdarkmetal":1,"minecraft:carrot":65,"minecraft:redstone":134,"minecraft:dark_oak_planks":8,"minecraft:arrow":16,"minecraft:beetroot_seeds":3,"minecraft:gold_ingot":1,"minecraft:rail":10,"minecraft:glow_berries":14,"minecraft:mutton":17,"forbidden_arcanus:spawner_scrap":3,"minecraft:white_wool":11,"minecraft:bone_block":9,"born_in_chaos_v1:corpse_maggot":21,"born_in_chaos_v1:monster_flesh":6,"minecraft:glow_ink_sac":3,"minecraft:salmon":10,"minecraft:leather":9,"minecraft:oak_log":9,"artifacts:cloud_in_a_bottle":1,"minecraft:golden_boots":1,"minecraft:gunpowder":11,"minecraft:cobblestone_wall":1,"minecraft:blue_bed":2,"minecraft:white_banner":2,"minecraft:cooked_mutton":1,"minecraft:red_carpet":9,"minecraft:stone_bricks":1,"minecraft:stone_pickaxe":2,"minecraft:iron_ingot":10,"minecraft:cooked_chicken":1,"minecraft:iron_sword":1,"minecraft:flowering_azalea":2,"minecraft:book":6,"minecraft:smooth_basalt":1,"minecraft:pumpkin":12,"minecraft:chiseled_stone_bricks":2,"born_in_chaos_v1:ethereal_spirit":2,"minecraft:quartz":1,"minecraft:lava_bucket":2,"minecraft:gravel":610,"minecraft:amethyst_shard":2,"minecraft:spruce_sapling":38,"minecraft:blast_furnace":5,"minecraft:white_bed":6,"minecraft:spruce_log":134,"minecraft:spider_eye":5,"forbidden_arcanus:arcane_crystal":16,"travelersbackpack:standard":2,"minecraft:pumpkin_seeds":8,"minecraft:purple_bed":3,"evilcraft:dark_gem":55,"minecraft:gray_wool":1,"minecraft:baked_potato":76,"minecraft:dark_oak_wood":11,"minecraft:coal":122},"minecraft:killed":{"minecraft:cave_spider":5,"minecraft:witch":1,"born_in_chaos_v1:zombie_lumberjack":4,"born_in_chaos_v1:restless_spirit":3,"minecraft:spider":13,"alexsmobs:froststalker":1,"born_in_chaos_v1:baby_skeleton_minion":2,"minecraft:skeleton":16,"minecraft:chicken":5,"born_in_chaos_v1:skeleton_thrasher":2,"minecraft:silverfish":1,"alexsmobs:centipede_head":1,"born_in_chaos_v1:bonescaller":1,"minecraft:pig":2,"born_in_chaos_v1:diamond_termite":5,"minecraft:salmon":12,"bwrtherain:spider_skull":6,"born_in_chaos_v1:dread_hound_not_despawn":2,"minecraft:creeper":20,"minecraft:sheep":10,"minecraft:pillager":1,"alexsmobs:flutter":1,"minecraft:zombie":47,"born_in_chaos_v1:dread_hound":4,"born_in_chaos_v1:corpse_fly":11,"alexsmobs:fly":12,"minecraft:cow":7,"alexsmobs:seagull":1,"born_in_chaos_v1:maggot":10,"minecraft:drowned":1,"born_in_chaos_v1:bone_imp_minion":4,"born_in_chaos_v1:baby_skeleton":4,"born_in_chaos_v1:swarmer":2,"born_in_chaos_v1:decrepit_skeleton":5,"alexsmobs:emu":1,"born_in_chaos_v1:nightmare_stalker":1},"minecraft:crafted":{"minecraft:oak_planks":36,"minecraft:cobblestone_slab":12,"minecraft:dark_oak_boat":2,"minecraft:cooked_chicken":1,"minecraft:stone":3,"minecraft:cooked_mutton":13,"minecraft:glass":14,"minecraft:hopper":2,"minecraft:bow":1,"minecraft:iron_boots":1,"minecraft:chest":10,"minecraft:stone_hoe":1,"framedblocks:framed_stairs":48,"minecraft:crafting_table":6,"minecraft:spruce_planks":536,"minecraft:iron_helmet":1,"minecraft:wooden_pickaxe":1,"minecraft:baked_potato":73,"travelersbackpack:standard":1,"minecraft:spruce_trapdoor":68,"minecraft:iron_chestplate":1,"minecraft:shield":2,"minecraft:stick":276,"minecraft:iron_pickaxe":2,"minecraft:iron_ingot":55,"minecraft:stone_sword":3,"minecraft:snow_block":1180,"minecraft:composter":1,"minecraft:coal":18,"minecraft:stone_shovel":40,"minecraft:iron_nugget":18,"minecraft:furnace":2,"minecraft:bone_meal":123,"minecraft:flint_and_steel":1,"minecraft:spruce_slab":12,"minecraft:stone_pickaxe":22,"minecraft:cobblestone_wall":6,"minecraft:dark_oak_planks":44,"minecraft:coal_block":2,"travelersbackpack:backpack_tank":2,"minecraft:iron_sword":1,"minecraft:cooked_salmon":8,"minecraft:bone":6,"minecraft:bucket":2,"minecraft:stone_axe":1,"minecraft:air":0,"minecraft:oak_boat":2,"framedblocks:framed_cube":72,"travelersbackpack:orange_sleeping_bag":1,"minecraft:wooden_axe":1,"forbidden_arcanus:arcane_crystal_dust":1,"minecraft:iron_leggings":1,"minecraft:stonecutter":1,"minecraft:white_bed":1,"minecraft:torch":328}},"DataVersion":3465}