{"stats":{"minecraft:crafted":{"minecraft:oak_planks":36,"minecraft:dark_oak_boat":2,"minecraft:cooked_chicken":1,"minecraft:stone":3,"minecraft:cooked_mutton":13,"minecraft:glass":14,"minecraft:iron_boots":1,"minecraft:chest":5,"minecraft:stone_hoe":1,"minecraft:crafting_table":6,"minecraft:spruce_planks":224,"travelersbackpack:standard":1,"minecraft:wooden_pickaxe":1,"minecraft:baked_potato":45,"minecraft:iron_helmet":1,"minecraft:iron_chestplate":1,"minecraft:shield":1,"minecraft:stick":144,"minecraft:iron_ingot":45,"minecraft:iron_pickaxe":1,"minecraft:stone_sword":2,"minecraft:snow_block":1180,"minecraft:stone_shovel":40,"minecraft:furnace":2,"minecraft:bone_meal":81,"minecraft:stone_pickaxe":18,"minecraft:cobblestone_wall":6,"minecraft:dark_oak_planks":44,"minecraft:coal_block":2,"travelersbackpack:backpack_tank":2,"minecraft:iron_sword":1,"minecraft:cooked_salmon":8,"minecraft:bucket":2,"minecraft:stone_axe":1,"minecraft:air":0,"minecraft:oak_boat":2,"travelersbackpack:orange_sleeping_bag":1,"minecraft:wooden_axe":1,"forbidden_arcanus:arcane_crystal_dust":1,"minecraft:iron_leggings":1,"minecraft:stonecutter":1,"minecraft:white_bed":1,"minecraft:torch":76},"minecraft:picked_up":{"minecraft:smithing_table":2,"minecraft:string":2,"minecraft:cobbled_deepslate":30,"comforts:sleeping_bag_white":27,"minecraft:spruce_planks":10,"minecraft:rose_bush":8,"minecraft:calcite":3,"minecraft:azalea":3,"minecraft:melon_slice":171,"minecraft:furnace":6,"minecraft:stick":9,"born_in_chaos_v1:shattered_skull":1,"minecraft:big_dripleaf":7,"minecraft:torch":80,"minecraft:porkchop":6,"minecraft:rotten_flesh":5,"minecraft:tropical_fish":8,"minecraft:polished_basalt":1,"minecraft:snowball":4725,"minecraft:cobblestone":2019,"minecraft:magma_block":2,"minecraft:feather":8,"minecraft:potato":201,"minecraft:flint":60,"minecraft:tuff":1,"create:raw_zinc":2,"minecraft:dirt":147,"minecraft:lapis_lazuli":9,"born_in_chaos_v1:monster_skin":2,"minecraft:bone":2,"minecraft:wheat_seeds":12,"minecraft:moss_block":3,"minecraft:oak_planks":3,"minecraft:jungle_planks":1,"minecraft:sand":29,"minecraft:stripped_spruce_log":2,"minecraft:barrel":1,"minecraft:orange_wool":2,"minecraft:diamond":3,"minecraft:writable_book":1,"alexsmobs:maggot":3,"minecraft:netherrack":10,"born_in_chaos_v1:diamond_termite_shard":3,"minecraft:crafting_table":9,"minecraft:chicken":5,"minecraft:clay_ball":61,"minecraft:moss_carpet":2,"minecraft:flint_and_steel":2,"minecraft:white_carpet":2,"minecraft:beef":11,"minecraft:oak_boat":2,"minecraft:light_gray_wool":1,"minecraft:quartz_stairs":7,"minecraft:chest":1,"minecraft:egg":2,"minecraft:raw_iron":54,"minecraft:redstone":132,"minecraft:dark_oak_planks":8,"minecraft:arrow":2,"minecraft:gold_ingot":1,"minecraft:mutton":17,"minecraft:glow_berries":6,"minecraft:bone_block":9,"minecraft:white_wool":11,"born_in_chaos_v1:corpse_maggot":3,"born_in_chaos_v1:monster_flesh":4,"minecraft:glow_ink_sac":3,"minecraft:salmon":10,"minecraft:leather":9,"minecraft:oak_log":9,"minecraft:gunpowder":2,"minecraft:cobblestone_wall":1,"minecraft:white_banner":2,"minecraft:red_carpet":9,"minecraft:stone_pickaxe":1,"minecraft:iron_ingot":9,"minecraft:cooked_chicken":1,"minecraft:flowering_azalea":2,"minecraft:book":6,"minecraft:pumpkin":7,"minecraft:gravel":582,"minecraft:amethyst_shard":2,"minecraft:spruce_sapling":12,"minecraft:blast_furnace":4,"minecraft:white_bed":5,"minecraft:spruce_log":56,"forbidden_arcanus:arcane_crystal":11,"travelersbackpack:standard":1,"minecraft:pumpkin_seeds":4,"evilcraft:dark_gem":32,"minecraft:gray_wool":1,"minecraft:baked_potato":20,"minecraft:dark_oak_wood":11,"minecraft:coal":85},"minecraft:broken":{"minecraft:stone_pickaxe":12,"minecraft:stone_shovel":40},"minecraft:killed":{"minecraft:spider":1,"alexsmobs:froststalker":1,"minecraft:chicken":5,"minecraft:silverfish":1,"alexsmobs:centipede_head":1,"minecraft:pig":2,"born_in_chaos_v1:diamond_termite":5,"minecraft:salmon":12,"bwrtherain:spider_skull":3,"born_in_chaos_v1:dread_hound_not_despawn":2,"minecraft:creeper":4,"minecraft:sheep":10,"minecraft:pillager":1,"alexsmobs:flutter":1,"minecraft:zombie":8,"born_in_chaos_v1:dread_hound":3,"born_in_chaos_v1:corpse_fly":1,"alexsmobs:fly":3,"minecraft:cow":7,"alexsmobs:seagull":1,"born_in_chaos_v1:maggot":3,"minecraft:drowned":1,"born_in_chaos_v1:bone_imp_minion":2,"born_in_chaos_v1:baby_skeleton":3,"born_in_chaos_v1:decrepit_skeleton":1,"alexsmobs:emu":1},"minecraft:dropped":{"minecraft:moss_block":3,"minecraft:porkchop":3,"minecraft:glow_ink_sac":3,"minecraft:crafting_table":2,"minecraft:leather":3,"minecraft:jungle_planks":1,"minecraft:red_carpet":9,"born_in_chaos_v1:monster_flesh":3,"minecraft:dirt":28,"born_in_chaos_v1:monster_skin":2,"minecraft:writable_book":1,"minecraft:amethyst_shard":2,"minecraft:sand":15,"minecraft:dark_oak_planks":30,"minecraft:dark_oak_boat":1,"minecraft:white_wool":4,"minecraft:bone":2,"minecraft:gravel":1,"minecraft:cooked_chicken":1,"minecraft:cobbled_deepslate":30,"minecraft:rotten_flesh":5,"minecraft:oak_planks":3,"minecraft:gunpowder":2,"born_in_chaos_v1:corpse_maggot":2,"born_in_chaos_v1:diamond_termite_shard":3,"minecraft:azalea":3,"forbidden_arcanus:arcane_crystal":4,"comforts:sleeping_bag_white":1,"minecraft:arrow":2,"minecraft:netherrack":10,"minecraft:iron_ingot":11,"minecraft:stripped_spruce_log":2,"minecraft:wheat_seeds":12,"minecraft:tnt":1,"minecraft:smithing_table":1,"minecraft:feather":8,"minecraft:cobblestone":5,"minecraft:coal":3,"minecraft:stick":3,"minecraft:gray_wool":1,"minecraft:wooden_axe":1,"minecraft:rose_bush":8,"minecraft:melon_slice":14,"minecraft:pumpkin":3,"minecraft:flowering_azalea":2,"minecraft:white_banner":2,"minecraft:polished_basalt":1,"minecraft:string":2,"minecraft:redstone":68,"minecraft:moss_carpet":2,"minecraft:stone_sword":1,"minecraft:tuff":1,"minecraft:white_carpet":2,"minecraft:light_gray_wool":1,"minecraft:clay_ball":61,"minecraft:flint_and_steel":2,"minecraft:blast_furnace":1,"minecraft:big_dripleaf":7,"minecraft:spruce_planks":18,"minecraft:quartz_stairs":7,"minecraft:stone_pickaxe":2,"minecraft:wooden_pickaxe":1,"minecraft:calcite":2,"minecraft:magma_block":2},"minecraft:custom":{"minecraft:interact_with_crafting_table":68,"minecraft:open_barrel":24,"minecraft:leave_game":2,"minecraft:time_since_death":404171,"minecraft:sprint_one_cm":744079,"minecraft:damage_blocked_by_shield":1200,"minecraft:drop":122,"minecraft:talked_to_villager":3,"minecraft:play_time":404171,"minecraft:jump":5507,"minecraft:walk_on_water_one_cm":51298,"minecraft:interact_with_furnace":46,"minecraft:sleep_in_bed":41,"minecraft:damage_dealt":10419,"minecraft:crouch_one_cm":29818,"minecraft:interact_with_smithing_table":6,"minecraft:mob_kills":85,"minecraft:damage_dealt_resisted":598,"minecraft:climb_one_cm":1824,"minecraft:walk_one_cm":1435672,"minecraft:sneak_time":10436,"minecraft:walk_under_water_one_cm":47578,"minecraft:boat_one_cm":463608,"minecraft:interact_with_blast_furnace":17,"minecraft:total_world_time":404171,"minecraft:raid_trigger":1,"minecraft:interact_with_stonecutter":2,"minecraft:time_since_rest":7051,"minecraft:damage_taken":103677,"minecraft:swim_one_cm":70792,"minecraft:fly_one_cm":711979,"minecraft:open_chest":74,"minecraft:fall_one_cm":103972},"minecraft:mined":{"create:deepslate_zinc_ore":2,"minecraft:spruce_planks":1,"minecraft:white_bed":5,"minecraft:cave_vines_plant":3,"minecraft:grass_block":51,"minecraft:magma_block":2,"minecraft:iron_ore":43,"minecraft:fire":1,"minecraft:barrel":1,"minecraft:pumpkin":6,"minecraft:cave_vines":4,"minecraft:dirt_path":2,"minecraft:azalea":3,"minecraft:deepslate_redstone_ore":10,"minecraft:powder_snow":13,"minecraft:clay":15,"minecraft:torch":44,"minecraft:dark_oak_wood":16,"minecraft:blast_furnace":3,"minecraft:calcite":3,"minecraft:melon":34,"minecraft:chest":1,"minecraft:cobblestone":379,"minecraft:sugar_cane":2,"minecraft:oak_planks":4,"minecraft:wall_torch":23,"evilcraft:dark_ore_deepslate":6,"minecraft:grass":65,"biomesoplenty:clover":2,"minecraft:oak_log":11,"minecraft:dirt":23,"minecraft:netherrack":10,"minecraft:oak_leaves":3,"minecraft:deepslate":34,"minecraft:tuff":1,"minecraft:quartz_stairs":8,"minecraft:deepslate_diamond_ore":2,"biomesoplenty:desert_grass":12,"born_in_chaos_v1:infected_diamond_ore":2,"minecraft:spruce_leaves":28,"biomesoplenty:dead_grass":18,"minecraft:moss_block":6,"minecraft:redstone_ore":5,"forbidden_arcanus:deepslate_arcane_crystal_ore":7,"minecraft:furnace":6,"minecraft:snow":4653,"minecraft:stripped_spruce_log":3,"evilcraft:dark_ore":1,"minecraft:big_dripleaf_stem":1,"minecraft:bookshelf":2,"minecraft:potatoes":53,"minecraft:deepslate_iron_ore":11,"biomesoplenty:high_grass":25,"minecraft:cobblestone_slab":3,"minecraft:vine":1,"biomesoplenty:spider_egg":1,"minecraft:stone":1673,"minecraft:bone_block":10,"minecraft:smithing_table":1,"minecraft:flowering_azalea":1,"minecraft:snow_block":16,"travelersbackpack:standard":1,"minecraft:crafting_table":9,"minecraft:rose_bush":10,"minecraft:lectern":1,"biomesoplenty:high_grass_plant":43,"minecraft:tall_grass":11,"biomesoplenty:huge_clover_petal":4,"minecraft:lapis_ore":1,"minecraft:big_dripleaf":1,"minecraft:cobblestone_wall":1,"biomesoplenty:pink_daffodil":5,"minecraft:spruce_log":58,"minecraft:white_wall_banner":1,"minecraft:coal_ore":81,"minecraft:gravel":606,"biomesoplenty:stringy_cobweb":1,"minecraft:small_dripleaf":1,"minecraft:fern":8},"minecraft:used":{"minecraft:writable_book":2,"minecraft:chest":5,"minecraft:shield":18,"minecraft:iron_sword":6,"minecraft:iron_chestplate":1,"minecraft:snowball":6,"minecraft:lava_bucket":3,"minecraft:dark_oak_boat":1,"minecraft:furnace":7,"minecraft:egg":2,"minecraft:potato":87,"minecraft:stone_pickaxe":2147,"minecraft:wooden_pickaxe":19,"minecraft:glow_berries":9,"minecraft:blast_furnace":3,"minecraft:melon_slice":151,"minecraft:gravel":245,"minecraft:oak_boat":4,"minecraft:bone_meal":81,"minecraft:stone_sword":232,"minecraft:stone_shovel":5245,"minecraft:spruce_planks":1,"minecraft:cooked_salmon":7,"minecraft:stone_hoe":35,"minecraft:cooked_chicken":1,"minecraft:torch":152,"minecraft:dirt":36,"minecraft:cobblestone_wall":9,"minecraft:wooden_axe":13,"minecraft:iron_axe":115,"comforts:sleeping_bag_white":25,"minecraft:powder_snow_bucket":7,"minecraft:pumpkin":2,"minecraft:calcite":1,"minecraft:cooked_mutton":9,"minecraft:water_bucket":57,"minecraft:snow_block":1169,"minecraft:baked_potato":21,"minecraft:stonecutter":1,"minecraft:salmon":2,"minecraft:crafting_table":13,"minecraft:white_bed":6,"minecraft:cod":10,"minecraft:diamond_shovel":28,"minecraft:iron_pickaxe":203,"minecraft:spruce_sapling":9,"minecraft:stone_axe":55,"minecraft:cobblestone":826,"travelersbackpack:standard":11,"minecraft:bucket":74}},"DataVersion":3465}