{"stats":{"minecraft:mined":{"minecraft:oak_sapling":1,"minecraft:oak_leaves":2},"minecraft:custom":{"minecraft:jump":26,"minecraft:time_since_rest":1934,"minecraft:damage_dealt":35,"minecraft:leave_game":1,"minecraft:sprint_one_cm":2859,"minecraft:play_time":1934,"minecraft:time_since_death":1934,"minecraft:walk_one_cm":1578,"minecraft:sneak_time":17,"minecraft:total_world_time":1934,"minecraft:fall_one_cm":836,"minecraft:fly_one_cm":3270},"minecraft:picked_up":{"minecraft:oak_sapling":1}},"DataVersion":3465}