{"stats":{"minecraft:dropped":{"minecraft:wheat_seeds":2},"minecraft:mined":{"minecraft:grass_block":5},"minecraft:killed":{"minecraft:pig":1},"minecraft:used":{"minecraft:dirt":4},"minecraft:picked_up":{"minecraft:porkchop":3,"minecraft:wheat_seeds":2,"minecraft:dirt":5},"minecraft:custom":{"minecraft:jump":50,"minecraft:time_since_rest":1680,"minecraft:damage_dealt":100,"minecraft:leave_game":1,"minecraft:sprint_one_cm":5493,"minecraft:play_time":1680,"minecraft:time_since_death":1680,"minecraft:walk_one_cm":4145,"minecraft:total_world_time":1680,"minecraft:mob_kills":1,"minecraft:drop":2,"minecraft:fall_one_cm":1939,"minecraft:fly_one_cm":10765}},"DataVersion":3465}