{
  "create:root": {
    "criteria": {
      "0": "2024-05-17 13:25:00 +0000"
    },
    "done": true
  },
  "minecraft:recipes/decorations/crafting_table": {
    "criteria": {
      "unlock_right_away": "2024-05-17 13:23:29 +0000"
    },
    "done": true
  },
  "biomesoplenty:biomesoplenty/root": {
    "criteria": {
      "grassland": "2024-05-17 13:23:31 +0000"
    },
    "done": true
  },
  "biomesoplenty:biomesoplenty/all_biomes": {
    "criteria": {
      "rocky_shrubland": "2024-05-17 13:24:00 +0000",
      "grassland": "2024-05-17 13:23:31 +0000"
    },
    "done": false
  },
  "DataVersion": 3465
}